{
  "en": {
    "dashboard-page.account-detail": "Account detail",
    "dashboard-page.account-movements": "Account movements",
    "dashboard-page.account-number": "Account number",
    "dashboard-page.account-type": "Account type",
    "dashboard-page.alias": "Alias",
    "dashboard-page.allowable-limit": "Allowable limit",
    "dashboard-page.arranged-allowable-limit": "Arranged vs allowable limit",
    "dashboard-page.arranged": "Arranged",
    "dashboard-page.available-balance": "Available balance",
    "dashboard-page.business-name": "Business name",
    "dashboard-page.copy-account-number": "Copy account number",
    "dashboard-page.currency": "Currency",
    "dashboard-page.difference": "Difference",
    "dashboard-page.edit-alias": "Edit Alias",
    "dashboard-page.entity": "Entity",
    "dashboard-page.select-account": "Select an account",
    "dashboard-page.total-account-balance": "Total account balance",
    "help-page.fifth-li": "Includes E2E test project based on the latest tools in the discipline! (Cells Pepino V2, Testing Framework).",
    "help-page.first-li": "Construction of an application using declarative pages (and their hooks!), based entirely on LitElement!",
    "help-page.fourth-li": "Creation and reuse of LitElement components (@bbva-web-components).",
    "help-page.header-text": "Made with ❤️ by Cells Team",
    "help-page.second-li": "Navigation, parameter passing between pages.",
    "help-page.text": "Example application showing the capabilities of the discipline and the use of Cells Bridge as a library for building applications based on Web Components (implemented in LitElement!)", 
    "help-page.third-li": "Use of modules (DataManagers, Utils).",
    "login-page.footer-claim": "Creating Opportunities",
    "login-page.footer-navigation-item-1": "Legal notice",
    "login-page.footer-navigation-item-2": "Cookies",
    "login-page.footer-navigation-item-3": "Personal data",
    "login-page.footer-navigation-item-4": "Statutory reports",
    "login-page.footer-navigation-item-5": "Payment services",
    "login-page.footer-navigation-item-6": "Fees",
    "login-page.footer-navigation-item-7": "Notice board",
    "login-page.footer-navigation-item-8": "Responsible business",
    "login-page.form-button": "Send data",
    "login-page.form-checkbox-label": "Remember company and username",
    "login-page.form-heading": "Enter data to create a product",
    "login-page.form-input-1-label": "Product Name",
    "login-page.form-input-2-label": "Picture (URL)",
    "login-page.form-input-3-label": "Price",
    "login-page.form-legend-radio": "Choose an option",
    "login-page.form-radio-1": "I am a customer",
    "login-page.form-radio-2": "I am not a customer",
    "login-page.menu-create-product": "Create Product",
    "login-page.menu-register": "Become a customer",
    "login-page.menu-tab-1": "People",
    "login-page.menu-tab-2": "Self-employed Professionals and Businesses",
    "login-page.outstanding-opportunity-module-1-header": "Do you own a company?",
    "login-page.outstanding-opportunity-module-1-title": "This might interest you",
    "login-page.outstanding-opportunity-module-2-header": "Are you self-employed?",
    "login-page.outstanding-opportunity-module-2-title": "This might interest you",
    "settings-page.title": "User settings"
  },
  "es": {
    "dashboard-page.account-detail": "Detalle de cuenta",
    "dashboard-page.account-movements": "Movimientos de cuenta",
    "dashboard-page.account-number": "Número de cuenta",
    "dashboard-page.account-type": "Tipol de cuenta",
    "dashboard-page.alias": "Alias",
    "dashboard-page.allowable-limit": "Límite autorizado",
    "dashboard-page.arranged-allowable-limit": "Dispuesto vs Límite autorizado",
    "dashboard-page.arranged": "Dispuesto",
    "dashboard-page.available-balance": "Saldo disponible",
    "dashboard-page.business-name": "Nombre comercial",
    "dashboard-page.copy-account-number": "Copiar número de cuenta",
    "dashboard-page.currency": "Moneda",
    "dashboard-page.difference": "Diferencia",
    "dashboard-page.edit-alias": "Editar Alias",
    "dashboard-page.entity": "Banco",
    "dashboard-page.select-account": "Selecciona una cuenta",
    "dashboard-page.total-account-balance": "Saldo total en cuenta",
    "help-page.fifth-li": "¡Incluye proyecto de tests E2E basado en las últimas herramientas de la disciplina! (Cells Pepino V2, Testing Framework)",
    "help-page.first-li": "Construcción de una aplicación utilizando páginas declarativas (y sus hooks!), basadas integramente en LitElement.",
    "help-page.fourth-li": "Creación y reutilización de componentes LitElement (@bbva-web-components)",
    "help-page.header-text": "Hecho con ❤️ por el equipo de Cells",
    "help-page.second-li": "Navegación, paso de parámetros entre páginas.",
    "help-page.text": "Aplicación de ejemplo donde se muestran las capacidades de la disciplina y el uso de Cells Bridge como librería de construcción de aplicaciones basadas en Web Components (implementadas en LitElement!)", 
    "help-page.third-li": "Uso de módulos (DataManagers, Utils).",
    "login-page.footer-claim": "Creando Oportunidades",
    "login-page.footer-navigation-item-1": "Aviso Legal",
    "login-page.footer-navigation-item-2": "Cookies",
    "login-page.footer-navigation-item-3": "Datos Personales",
    "login-page.footer-navigation-item-4": "Informes Legales",
    "login-page.footer-navigation-item-5": "Servicios de pago",
    "login-page.footer-navigation-item-6": "Tarifas",
    "login-page.footer-navigation-item-7": "Tablón de anuncios",
    "login-page.footer-navigation-item-8": "Negocio responsable",
    "login-page.form-button": "Enviar datos",
    "login-page.form-checkbox-label": "Recordar código de empresa y usuario",
    "login-page.form-heading": "Introduce los datos para crear un producto",
    "login-page.form-input-1-label": "Nombre del producto",
    "login-page.form-input-2-label": "Imagen (URL)",
    "login-page.form-input-3-label": "Precio",
    "login-page.form-legend-radio": "Selecciona una opción",
    "login-page.form-radio-1": "Soy cliente",
    "login-page.form-radio-2": "No soy cliente",
    "login-page.menu-create-product": "Crear Producto",
    "login-page.menu-register": "Hazte clñiente",
    "login-page.menu-tab-1": "Personas",
    "login-page.menu-tab-2": "Autónomos y Empresas",
    "login-page.outstanding-opportunity-module-1-header": "¿Eres empresa?",
    "login-page.outstanding-opportunity-module-1-title": "Esto podría interesarte",
    "login-page.outstanding-opportunity-module-2-header": "¿Eres autónomo?",
    "login-page.outstanding-opportunity-module-2-title": "Esto podría interesarte",
    "settings-page.title": "Configuración"
  }
}